task	class	v1_citation	what_v1_does	what_plan_adds	plan_change	reason
2.0b read-only mode	KEEP-PLATFORM	v1 none (Next.js app; R6 freezes v1 by its own means)	v1 has no freeze switch; it is a web app that is stopped or frozen by the operator.	READ_ONLY env flag + readOnlyGuard returning 503 read_only for every non-GET except login/refresh/logout.	-	Cutover mechanics: the R5-R15 freeze needs a switch on a Vercel serverless backend that cannot be scaled to zero; no user-visible behaviour outside the window (flag defaults off).
2.1 M1 GroupStudent per season	KEEP-FIX	prisma/schema.prisma:330 (studentUserId @unique); src/lib/group-actions.ts:230 (deleteMany by studentUserId, no season)	Assigning a student to a group in a new season silently deletes their membership in every earlier season's group.	seasonId column, composite FK, @@unique(seasonId,studentUserId), repair from SeasonEnrollment, backfill of lost per-season memberships.	-	C9 data loss: earlier-season memberships are destroyed, so group-targeted assignments, forum peers, engagement and leader visibility for past seasons go dark. Keep the repair/backfill. (Its consumer 2b.5 leaderIdsForStudentInSeason disappears if M5 is reverted.)
2.2 M2 group name unique per season	REVERT	src/lib/group-actions.ts:17,44,105 (name only min 2/max 80, no uniqueness check); src/lib/group-import.ts:59,89 (groupByName Map, last duplicate wins)	Any group name is accepted, duplicates included, case-sensitive; the group importer matches by lowercased trimmed name and silently picks the last duplicate.	DB @@unique(seasonId,name), auto-rename of existing duplicates to 'Name #id', and (2b.2) case/whitespace-insensitive 409 name_taken.	Remove M2 and Task 2b.2 (and the R2 M2-duplicates report). Do not rename existing groups. The only genuine defect is the importer's silent last-wins pick: fix it in Plan 17 without schema by marking a file row 'ambiguous group name' (refused) when more than one group in the season matches the normalised name. Note: v2's existing exact-match 409 name_taken (apps/backend/src/lib/queries/groups.ts:120-140) is itself a v1 divergence owned by spec 05 R15; if the per-spec pass reverts it, M2 has nothing left to back.	-
2.3 M3a lateness recompute from startsAt	KEEP-FIX	src/lib/attendance-actions.ts:148-151 (minutesLate from session.checkInOpenAt; >0 = LATE)	Check-in lateness is minutes since an admin opened the console; any minute after opening is LATE.	One-off recompute of LATE rows' lateMinutes from checkedInAt - startsAt, with lateMinutesLegacy preserving the old value.	Keep the recompute and lateMinutesLegacy (or copy the old values to cutover_backup instead of a public column). Status is not rewritten (matches plan).	C3: lateness measured from a button press is a provably wrong value; v2 already writes from startsAt with threshold 0 (v1's '>0 = LATE' rule), so this aligns history with that fix.
2.3 M3b Season.lateThresholdMinutes	REVERT	src/lib/attendance-actions.ts:152 (status = minutesLate > 0 ? LATE : PRESENT; no threshold)	No grace period: one minute late is LATE.	A per-season threshold column (default 0) and a check-in rule elapsed > threshold (2b.3).	Drop the lateThresholdMinutes column and the threshold branch in 2b.3; check-in keeps 'LATE iff elapsed minutes > 0' from startsAt. This column exists only to carry C3's threshold idea; with threshold fixed at zero by C3 it is a new capability with no v1 counterpart.	-
2.3 M3c LateBasis enum + lateBasis column	REVERT	prisma/schema.prisma:440-456 (Attendance has lateMinutes only)	Attendance rows carry no provenance for lateMinutes.	LateBasis enum (SESSION_START/MANUAL/UNKNOWN), Attendance.lateBasis, writers in 2b.3 and a soak alarm on UNKNOWN.	Drop lateBasis and the enum; after the recompute every checked-in row is one series, so nothing needs the label. Remove the 2b.3 writer changes for lateBasis and the soak alarm on lateBasis=UNKNOWN.	-
2.4 M4 Notification entityType/entityId	REVERT	prisma/schema.prisma:594-607 (Notification.link String?); src/lib/notifications.ts:44,83	Notifications store a role-prefixed web path in link; tapping opens that path.	entityType/entityId columns + backfill; producers stop writing link (2b.4).	Remove M4 and Task 2b.4's column write/read. Producers keep writing v1's link shapes (as they do today under X1) and the API keeps deriving target with parseNotificationLink (Plan 13), which already gives mobile the same destination. Drop the R2/R9 'sixth link shape' gate and m4Mismatches from Task 2.18. No user-visible change either way, so it is not forced by the platform.	-
2b.4 email 'Open' button removal	KEEP-PLATFORM	src/lib/email.ts:140-143 (viewLink = appUrl + link) and :66-73 (button + paste-link)	Notification emails carry an Open button and a paste-able link into the web app.	sendNotificationEmail(..., null): no button, because v1's web host is decommissioned (REG-38).	Keep only if no v2 web host or app universal link exists; if the owner wants v1's behaviour, point the button at an app deep link/universal link built from target instead of dropping it (then it becomes REVERT).	The link target is v1's web origin, which R21 decommissions; a link to a dead host is a broken flow. Flag to owner: the capability (open the item from the email) could survive via universal links.
2.5 M5 four new NotificationTypes + 5 preference booleans	REVERT	prisma/schema.prisma:63-70 (six types), :609-621 (six booleans); src/lib/quiz-actions.ts:564-600 (reopen sends no notification); src/lib/submission-actions.ts:193 (only SUBMISSION_REVIEWED to the student)	Six notification types; no notice to leaders on submit, to authors on forum comments, to graders on pending essays, or to students on reopen; no push switch.	SUBMISSION_RECEIVED, FORUM_COMMENT, QUIZ_ATTEMPT_PENDING, QUIZ_REOPENED, their preference toggles, and pushEnabled master switch (2b.5, mobile toggles).	Remove M5 and Task 2b.5 entirely (enum values cannot be removed once added, so it must not be applied). Also flag to the spec-12 per-spec pass: v2 already sends a QUIZ_GRADED-typed 'reopened' notification (apps/backend/src/routes/quizzes.ts:1430) that v1 never sent; revert it there.	-
2.6 M6 Season timezone (withdrawn)	ALREADY-V1	-	v1 has no season timezone.	Nothing (withdrawn, REG-53).	-	Plan already matches v1; keep withdrawn.
2.7 M7a JpcEvent.allDay	REVERT	src/lib/jpc-event-actions.ts:33-40 (missing time = midnight = full-day)	An event with no time is stored at midnight and read as all-day.	allDay column + backfill; reads switch from isOrgMidnight to the column (2b.7).	Drop allDay and the 2b.7 read/write change; keep v2's isOrgMidnight derivation (apps/backend/src/lib/org-time.ts, routes/events.ts), which already reproduces v1's midnight convention. Drop the M7 timezone literal R9 check.	-
2.7 M7b JpcEvent soft delete	REVERT	src/lib/jpc-event-actions.ts:146-150 (db.jpcEvent.delete)	Deleting an event removes it permanently.	deletedAt column/index; DELETE /events/:id soft-deletes; every read filters deletedAt (2b.7).	Drop deletedAt and keep the hard delete.	-
2.7 M7c season FK SetNull->Restrict, CHECK, seasonId index	REVERT	prisma/schema.prisma:770 (onDelete SetNull); src/lib/jpc-event-actions.ts:27-30 (SEASON requires seasonId); src/lib/season-actions.ts:171 (season delete is a soft delete)	App validation refuses a SEASON event without a season and seasons are only soft-deleted, so the SetNull path never fires in practice.	FK to Restrict, CHECK visibility<>SEASON OR seasonId NOT NULL, two indexes, per-row owner triage at R2/R12.	Drop M7 entirely (and fixture-leak/cleanup-order steps that exist only because of Restrict). If the R2 offender query (SEASON with null seasonId) returns rows, report them as a data-quality list only; no constraint needed.	-
2.8 M8 EngagementNote soft delete	REVERT	src/lib/note-actions.ts:120-129 (deleteNoteAction hard delete, no UI caller anywhere in src/)	Users cannot delete a note: the delete action is dead code (C12).	deletedAt column, DELETE /notes/:id soft-deletes, author-only, delete control in the UI (2b.8).	Drop M8 and 2b.8. v1 offers no note delete, so v2 should expose none: the per-spec pass for 09-notes should remove the 501 stub route (apps/backend/src/routes/notes.ts) rather than turn it on.	-
2.9 M9 AuditLog	REVERT	v1 none (no audit table or log in prisma/schema.prisma; graduate/drop/role/import actions write no record)	No record of who graduated, dropped, deleted, re-roled, deactivated or imported.	AuditLog table + AuditAction enum + writers on 9 operations (2b.9).	Drop M9 and 2b.9. Also flag: Plan 10's lib/audit.ts log line is likewise a v2 addition (harmless, invisible); the per-spec pass decides whether it stays.	-
2.10 M10 DeviceToken + Expo push	REVERT	v1 none (no device/push model in prisma/schema.prisma; no web push in src/)	Notifications are in-app plus email only; v1 never sent push.	DeviceToken table, POST/DELETE /me/devices, Expo dispatcher (2b.10), plus M5's pushEnabled.	Drop M10 and 2b.10; keep notifications in-app + email as v1. Push does not replace anything v1 did (email still sends). Raise with owner: a mobile app without push is a product call; if they want push it is an explicit, owner-approved exception, not parity. Plan 13's mobile token flow and the 503 stub fall with it (per-spec 10 D5).	-
2.11 M11 ImportBatch (withdrawn)	ALREADY-V1	-	v1 previews an import and re-submits rows to commit; no server import store.	Nothing (withdrawn, REG-47).	-	Plan already matches v1; keep withdrawn.
2.12 M12a void v1 plaintext invite codes	KEEP-FIX	src/lib/invites.ts:8-24 (raw 32-char token stored in InviteToken.token)	Invite codes are stored as plaintext secrets.	One-way UPDATE overwriting non-digest tokens with 'v1-void-<id>'.	-	Credential at rest (security hygiene); invisible to users because v2 looks up digests only and v1's codes can never match. Pending-invite logic unchanged (v1 counted only unexpired rows: src/app/super/users/page.tsx:29-31).
2.12 M12b PasswordResetToken.expiresAt index	REVERT	src/lib/auth/password-reset.ts:20-29 (creates a token; never touches earlier ones)	Reset tokens are created and checked by hash; nothing queries by expiresAt.	Index on expiresAt to serve Plan 10 Decision 15's expiry updateMany.	Keep only if the per-spec pass keeps Plan 10 Decision 15 (expire outstanding reset tokens); otherwise drop. Invisible either way; it only follows its consumer.	-
2b.12 credential sweep script	REVERT	v1 none (no cleanup of reset/invite/refresh tokens)	Old tokens accumulate; nothing is deleted.	scripts/sweep-credentials.ts deleting used/expired reset tokens, expired unused invites and revoked/expired refresh tokens older than 30 days.	Remove from the plan (optional ops hygiene, invisible, no defect). If the owner wants it, run it as a one-off ops step outside the parity scope; it does not change what any user sees.	-
2.13 M13 User.sessionsValidFrom	KEEP-FIX	src/lib/auth.ts:71-75 (role written into the JWT once at sign-in, never refreshed); src/lib/auth/session.ts:4-14 (role read from token, no DB check)	A demoted or deactivated user keeps their old role until their session token expires.	sessionsValidFrom column; requireAuth refuses access tokens issued before it; set on role change/deactivate/graduate/delete/reset (2b.13).	-	C7 authorization hole: stale privileged claims survive a demotion. Keep with 2b.13.
2.14 M14 case-insensitive email + released addresses (optional)	REVERT	prisma/schema.prisma:105 (email @unique, exact); src/lib/auth.ts:26 + src/lib/auth/credentials.ts (exact-match lookup); src/lib/student-import.ts:118,158 (trimmed, case-sensitive matching)	Email is unique and matched exactly as typed; a soft-deleted user's address stays reserved.	Lowercase every stored email, partial functional unique on live users, release deleted users' addresses, rewrite every lookup (2b.14).	Drop M14 and 2b.14 (already optional: decline at R9 and delete it from the plan). Also flag to the 16-imports per-spec pass: any v2 lower(email) matching in Plan 17 is itself a divergence from v1's exact match.	-
2.15 M15 quiz/video integrity	REVERT	prisma/schema.prisma:734-747 (QuizAnswer: selectedIndex/isCorrect/pointsAwarded, no option snapshot); src/lib/quiz-actions.ts:454-458 (points stored at grading); src/lib/video-quiz-actions.ts:103 (video question hard delete cascades responses); src/lib/video-quiz-query.ts:89-91 (video score recomputed from current points)	Review shows a question's current options; quiz scores are stored at grading time so edits never change a grade; deleting a video question deletes its responses; video scores use current points; only createdById is kept.	QuizAnswer.optionsSnapshot/pointsSnapshot, SessionVideoQuestion.updatedById/deletedAt, SessionVideoQuestionResponse.pointsAwarded + backfill (2b.15).	Drop M15 and 2b.15. Keep v1's hard delete, current-options review, and recomputed video score.	-
2.16 M16 forum moderation	REVERT	src/lib/forum-actions.ts:110-120 (comment delete by author or admin, hard delete); v1 has no post-hide (no hiddenAt in prisma/schema.prisma:513-537)	Staff cannot hide a forum post; comments are deleted permanently by their author or an admin.	Submission.hiddenAt/hiddenById, hide/unhide endpoint and staff action, ForumComment.deletedAt soft delete (2b.16).	Drop M16 and 2b.16; keep hard comment delete. Flag to 14-forum per-spec pass: v1 lets author or season ADMIN/SUPER delete a comment (forum-actions.ts:115-118), no leader arm.	-
2.17 M17 HTML normalised to plain text (optional script)	REVERT	src/components/ui/rich-text-view.tsx:1-11 (sanitize-html renders stored HTML as rich text); src/app/mentor/notes/page.tsx:121	Note bodies, descriptions and forum posts are stored and shown as sanitised rich HTML (formatting kept).	A script that rewrites every stored HTML value to plain text, plus 2b.17 writers/readers dropping HTML.	Drop M17 and 2b.17 (and the R12 M17 decision). It permanently destroys v1's formatting. C11 is satisfied by sanitising on render, which is what v1 does; if the per-spec pass restores rich-text rendering, M17 would be actively harmful.	-
2b.1 M1 consumers	KEEP-FIX	src/lib/group-actions.ts:230; src/lib/attendance-notifications.ts:35	Writers delete the student's membership in all seasons; readers find the single global row.	Season-scoped deleteMany/create, compound-key lookups, flipped Plan 6 test.	-	Consumer of M1 (C9); needed so the per-season membership holds.
2b.2 M2 consumer	REVERT	src/lib/group-actions.ts:17,44	No name uniqueness check at all.	Case/whitespace-insensitive 409 name_taken, trim on write, unique-violation mapping.	Remove (see M2). Group names are stored as entered (v1 does not trim beyond zod defaults).	-
2b.3a check-in threshold + lateBasis writers	REVERT	src/lib/attendance-actions.ts:148-173	LATE iff minutes > 0; no basis recorded.	elapsed > season.lateThresholdMinutes; lateBasis on check-in and attendance save.	Remove; check-in stays as today on main (startsAt, zero threshold, '>0 = LATE').	-
2b.3b workbook numeric LATE cell	ALREADY-V1	src/lib/season-export.ts:7-12 (LATE cell = minutes number, 'L' only when null)	Season export shows minutes late as a number in LATE cells.	Restores the number (undoing D-17.10's 'L'), but also renames the session-column header and adds a Key-sheet sentence.	Keep the numeric cell (it restores v1); drop the header rename and Key-sheet sentence, keeping v1's header text. Note: the restore needs M3a's recompute to land first, otherwise v1/v2-era values are mixed. If the 17-reports per-spec pass reverts D-17.10 directly, this step is subsumed.	Restores v1 behaviour (season-export.ts:9-12); the header/Key additions are not v1.
2b.5 M5 consumers	REVERT	see M5	-	New producers, PREF_FIELD entries, mobile toggles and master switch.	Remove with M5.	-
2b.7 M7 consumers	REVERT	see M7a-c	-	allDay writes/reads, soft delete, cleanup-order pin.	Remove with M7.	-
2b.8 M8 consumer	REVERT	see M8	-	DELETE /notes/:id goes live (soft delete) with a UI control.	Remove with M8.	-
2b.9 M9 writers	REVERT	see M9	-	AuditLog row writes from 9 operations.	Remove with M9.	-
2b.10 M10 consumers	REVERT	see M10	-	Device registration, DELETE /me/devices/:token, Expo dispatcher.	Remove with M10 (unless owner grants push as an explicit exception).	-
2b.13 M13 enforcement	KEEP-FIX	src/lib/auth.ts:71-75	Stale role claims stay valid for the token lifetime.	requireAuth iat check (one DB read per request) + invalidateSessions at every revoke-all site.	-	C7; keep, with the p95 measurement.
2b.14 M14 consumers	REVERT	see M14	-	normaliseEmail on every write/lookup; deleted addresses reusable.	Remove with M14.	-
2b.15 M15 consumers	REVERT	see M15	-	Snapshots on submit, video soft delete, pointsAwarded, updatedById.	Remove with M15.	-
2b.16 M16 consumers	REVERT	see M16	-	Hide/unhide endpoint and mobile action, comment soft delete.	Remove with M16.	-
2b.17 M17 consumers	REVERT	see M17	-	Writers store plain text, readers stop converting.	Remove with M17.	-
